0000000000;Landesergebnis;1974;0
1310000000;Ahrweiler, Landkreis;70;1
1310100000;Adenau, VG;37;2
1310100100;Adenau,St;1;3
1310100400;Antweiler;1;3
1310100500;Aremberg;1;3
1310100800;Barweiler;1;3
1310100900;Bauler (VG Adenau);1;3
1310101500;Dankerath;1;3
1310101800;Dorsel;1;3
1310102100;Eichenbach;1;3
1310102200;Fuchshofen;1;3
1310102600;Harscheid;1;3
1310102800;Herschbroich;1;3
1310103000;Hoffeld;1;3
1310103200;Honerath;1;3
1310103300;Hümmel;1;3
1310103400;Insul;1;3
1310103700;Kaltenborn;1;3
1310104200;Kottenborn;1;3
1310104400;Leimbach (VG Adenau);1;3
1310105000;Meuspath;1;3
1310105100;Müllenbach (VG Adenau);1;3
1310105200;Müsch;1;3
1310105800;Nürburg;1;3
1310106200;Ohlenhard;1;3
1310106500;Pomster;1;3
1310106600;Quiddelbach;1;3
1310106900;Reifferscheid;1;3
1310107200;Rodder;1;3
1310107400;Schuld;1;3
1310107500;Senscheid;1;3
1310107600;Sierscheid;1;3
1310107900;Trierscheid;1;3
1310108200;Wershofen;1;3
1310108300;Wiesemscheid;1;3
1310108400;Wimbach;1;3
1310108500;Winnerath;1;3
1310108600;Wirft;1;3
1310150100;Dümpelfeld;1;3
1310200000;Altenahr, VG;12;2
1310200200;Ahrbrück;1;3
1310200300;Altenahr;1;3
1310201100;Berg (VG Altenahr);1;3
1310201700;Dernau;1;3
1310202700;Heckenbach;1;3
1310202900;Hönningen;1;3
1310203600;Kalenborn (VG Altenahr);1;3
1310203900;Kesseling;1;3
1310204000;Kirchsahr;1;3
1310204700;Lind (VG Altenahr);1;3
1310204900;Mayschoß;1;3
1310206800;Rech;1;3
1310300000;Bad Breisig, VG;4;2
1310300600;Bad Breisig,St;1;3
1310301400;Brohl-Lützing;1;3
1310302500;Gönnersdorf (VG Bad Breisig);1;3
1310308100;Waldorf;1;3
1310400000;Brohltal, VG;17;2
1310401600;Dedenbach;1;3
1310404100;Königsfeld;1;3
1310405400;Niederdürenbach;1;3
1310405500;Niederzissen;1;3
1310405900;Oberdürenbach;1;3
1310406000;Oberzissen;1;3
1310407300;Schalkenbach;1;3
1310420100;Brenk;1;3
1310420200;Burgbrohl;1;3
1310420400;Galenberg;1;3
1310420500;Glees;1;3
1310420600;Hohenleimbach;1;3
1310420800;Spessart;1;3
1310420900;Wassenach;1;3
1310421000;Wehr;1;3
1310421100;Weibern;1;3
1310450200;Kempenich;1;3
1320000000;Altenkirchen, Landkreis;119;1
1320300000;Daaden-Herdorf, VG;10;2
1320301800;Daaden;1;3
1320301900;Derschen;1;3
1320302600;Emmerzhausen;1;3
1320303600;Friedewald;1;3
1320305000;Herdorf, Stadt;1;3
1320306800;Mauden;1;3
1320307500;Niederdreisbach;1;3
1320307900;Nisterberg;1;3
1320310100;Schutzbach;1;3
1320311300;Weitefeld;1;3
1320600000;Hamm (Sieg), VG;12;2
1320600700;Birkenbeul;1;3
1320601000;Bitzen;1;3
1320601300;Breitscheidt;1;3
1320601400;Bruchertseifen;1;3
1320602800;Etzbach;1;3
1320603400;Forst;1;3
1320603800;Fürthen;1;3
1320604400;Hamm (Sieg);1;3
1320607700;Niederirsen;1;3
1320609100;Pracht;1;3
1320609600;Roth (VG Hamm (Sieg));1;3
1320610200;Seelbach b.Hamm (Sieg);1;3
1320700000;Kirchen (Sieg), VG;6;2
1320701200;Brachbach;1;3
1320703700;Friesenhagen;1;3
1320704500;Harbach;1;3
1320706300;Kirchen (Sieg);1;3
1320707200;Mudersbach;1;3
1320707600;Niederfischbach;1;3
1320800000;Wissen, VG;6;2
1320800800;Birken-Honigsessen;1;3
1320801100;Mittelhof;1;3
1320805400;Hövels;1;3
1320808000;Katzwinkel (Sieg);1;3
1320810500;Selbach (Sieg);1;3
1320811700;Wissen,St;1;3
1320900000;Betzdorf-Gebhardshain, VG;17;2
1320900200;Alsdorf (VG Betzdorf);1;3
1320900600;Betzdorf;1;3
1320902000;Dickendorf;1;3
1320902400;Elben;1;3
1320902500;Elkenroth;1;3
1320903000;Fensdorf;1;3
1320903900;Gebhardshain;1;3
1320904200;Grünebach;1;3
1320905900;Kausen;1;3
1320906600;Malberg (VG Gebhardshain);1;3
1320907100;Molzhain;1;3
1320907300;Nauroth;1;3
1320909500;Rosenheim (Lk. Altenk.);1;3
1320909800;Scheuerfeld;1;3
1320910700;Steinebach/Sieg;1;3
1320910800;Steineroth;1;3
1320911100;Wallmenroth;1;3
1321000000;Altenkirchen-Flammersfeld, VG;68;2
1321000100;Almersbach;1;3
1321000400;Bachenberg;1;3
1321000500;Berzhausen;1;3
1321000900;Birnbach;1;3
1321001500;Bürdenbach;1;3
1321001600;Burglahr;1;3
1321001700;Busenhausen;1;3
1321002200;Eichelhardt;1;3
1321002300;Eichen;1;3
1321002700;Ersfeld;1;3
1321002900;Eulenberg;1;3
1321003100;Fiersbach;1;3
1321003200;Flammersfeld;1;3
1321003300;Fluterschen;1;3
1321003500;Forstmehren;1;3
1321004000;Gieleroth;1;3
1321004100;Giershausen;1;3
1321004300;Güllesheim;1;3
1321004600;Hasselbach (VG Altenkirchen (Westerwald));1;3
1321004700;Helmenzen;1;3
1321004800;Helmeroth;1;3
1321004900;Hemmelzen;1;3
1321005100;Heupelzen;1;3
1321005200;Hilgenroth;1;3
1321005300;Hirz-Maulsbach;1;3
1321005500;Horhausen (Westerwald);1;3
1321005600;Idelberg;1;3
1321005700;Ingelbach;1;3
1321005800;Isert;1;3
1321006000;Kescheid;1;3
1321006100;Kettenhausen;1;3
1321006200;Kircheib;1;3
1321006400;Kraam;1;3
1321006500;Krunkel;1;3
1321006700;Mammelzen;1;3
1321006900;Mehren (VG Altenkirchen (Westerwald));1;3
1321007000;Michelbach (Westerwald);1;3
1321007400;Neitersen;1;3
1321007800;Niedersteinebach;1;3
1321008100;Obererbach (Westerwald);1;3
1321008200;Oberirsen;1;3
1321008300;Oberlahr;1;3
1321008400;Obernau;1;3
1321008500;Obersteinebach;1;3
1321008600;Oberwambach;1;3
1321008700;Ölsen;1;3
1321008800;Orfgen;1;3
1321008900;Peterslahr;1;3
1321009000;Pleckhausen;1;3
1321009200;Racksen;1;3
1321009300;Reiferscheid;1;3
1321009400;Rettersen;1;3
1321009700;Rott;1;3
1321009900;Schöneberg (VG Altenkirchen (Westerwald));1;3
1321010000;Schürdt;1;3
1321010300;Seelbach (Westerwald);1;3
1321010400;Seifen;1;3
1321010600;Sörth;1;3
1321010900;Stürzelbach;1;3
1321011000;Volkerzen;1;3
1321011200;Walterschen;1;3
1321011400;Werkhausen;1;3
1321011500;Weyerbusch;1;3
1321011600;Willroth;1;3
1321011800;Wölmersen;1;3
1321011900;Ziegenhain;1;3
1321020100;Berod bei Hachenburg;1;3
1321050100;Altenkirchen (Ww.),St;1;3
1330000000;Bad Kreuznach, Landkreis;0;1
1330100000;Bad Kreuznach, VG;0;2
1330100300;Altenbamberg;0;3
1330101200;Biebelsheim;0;3
1330103000;Feilbingert;0;3
1330103100;Frei-Laubersheim;0;3
1330103200;Fürfeld;0;3
1330103700;Hackenheim;0;3
1330103900;Hallgarten;0;3
1330104500;Hochstätten;0;3
1330106900;Neu-Bamberg;0;3
1330107800;Pfaffen-Schwabenheim;0;3
1330108000;Pleitersheim;0;3
1330110400;Tiefenthal (VG Bad Kreuznach);0;3
1330110600;Volxheim;0;3
1330300000;Kirn-Land, VG;0;2
1330300800;Bärenbach (VG Kirn-Land);0;3
1330301000;Becherbach bei Kirn;0;3
1330301600;Brauweiler;0;3
1330303800;Hahnenbach;0;3
1330304100;Heimweiler;0;3
1330304200;Heinzenberg;0;3
1330304300;Hennweiler;0;3
1330304600;Hochstetten-Dhaun;0;3
1330304700;Horbach (VG Kirn-Land);0;3
1330305900;Limbach (VG Kirn-Land);0;3
1330306300;Meckenbach (VG Kirn-Land);0;3
1330307300;Oberhausen bei Kirn;0;3
1330307700;Otzweiler;0;3
1330309600;Simmertal;0;3
1330311300;Weitersborn;0;3
1330320100;Bruschied;0;3
1330320200;Kellenbach;0;3
1330320300;Königsau;0;3
1330320400;Schneppenbach;0;3
1330320500;Schwarzerden;0;3
1330400000;Langenlonsheim, VG;0;2
1330401800;Bretzenheim;0;3
1330402600;Dorsheim;0;3
1330403500;Guldental;0;3
1330405400;Langenlonsheim;0;3
1330405600;Laubenheim;0;3
1330408700;Rümmelsheim;0;3
1330411400;Windesheim;0;3
1330500000;Meisenheim, VG;0;2
1330500100;Abtweiler;0;3
1330501100;Becherbach;0;3
1330501700;Breitenheim;0;3
1330502000;Callbach;0;3
1330502400;Desloch;0;3
1330504900;Hundsbach;0;3
1330505100;Jeckenbach;0;3
1330505800;Lettweiler;0;3
1330506000;Löllbach;0;3
1330506500;Meisenheim,St;0;3
1330508100;Raumbach;0;3
1330508300;Rehborn;0;3
1330508400;Reiffelbach;0;3
1330509000;Schmittweiler;0;3
1330509200;Schweinschied;0;3
1330600000;Rüdesheim, VG;0;2
1330600200;Allenfeld;0;3
1330600400;Argenschwang;0;3
1330601300;Bockenau;0;3
1330601400;Boos (VG Rüdesheim);0;3
1330601500;Braunweiler;0;3
1330601900;Burgsponheim;0;3
1330602100;Dalberg;0;3
1330602700;Duchroth;0;3
1330603300;Gebroth;0;3
1330603600;Gutenberg;0;3
1330604000;Hargesheim;0;3
1330604400;Hergenfeld;0;3
1330604800;Hüffelsheim;0;3
1330606100;Mandel;0;3
1330606800;Münchwald;0;3
1330607000;Niederhausen;0;3
1330607100;Norheim;0;3
1330607400;Oberhausen an der Nahe;0;3
1330607500;Oberstreit;0;3
1330608600;Roxheim;0;3
1330608800;Sankt Katharinen;0;3
1330608900;Schloßböckelheim;0;3
1330609800;Sommerloch;0;3
1330609900;Spabrücken;0;3
1330610000;Spall;0;3
1330610100;Sponheim;0;3
1330610500;Traisen;0;3
1330610700;Waldböckelheim;0;3
1330610900;Wallhausen;0;3
1330611200;Weinsheim (VG Rüdesheim);0;3
1330611500;Winterbach;0;3
1330611700;Rüdesheim;0;3
1330700000;Bad Sobernheim, VG;0;2
1330700500;Auen;0;3
1330700900;Bärweiler;0;3
1330702200;Daubach;0;3
1330705000;Ippenschied;0;3
1330705300;Kirschroth;0;3
1330705500;Langenthal;0;3
1330705700;Lauschied;0;3
1330706200;Martinstein;0;3
1330706400;Meddersheim;0;3
1330706600;Merxheim;0;3
1330706700;Monzingen;0;3
1330707200;Nußbaum;0;3
1330707600;Odernheim am Glan;0;3
1330708200;Rehbach;0;3
1330709400;Seesbach;0;3
1330710200;Staudernheim;0;3
1330711100;Weiler bei Monzingen;0;3
1330711600;Winterburg;0;3
1330750100;Bad Sobernheim,St;0;3
1330800000;Stromberg, VG;0;2
1330802300;Daxweiler;0;3
1330802500;Dörrebach;0;3
1330802800;Eckenroth;0;3
1330808500;Roth (VG Stromberg);0;3
1330809100;Schöneberg (VG Stromberg);0;3
1330809300;Schweppenhausen;0;3
1330809500;Seibersbach;0;3
1330810300;Stromberg,St;0;3
1330810800;Waldlaubersheim;0;3
1330811000;Warmsroth;0;3
1340000000;Birkenfeld, Landkreis;95;1
1340100000;Baumholder, VG;14;2
1340100500;Baumholder,St;1;3
1340100700;Berglangenbach;1;3
1340100800;Berschweiler bei Baumh.;1;3
1340102100;Eckersweiler;1;3
1340102600;Fohren-Linden;1;3
1340102700;Frauenberg;1;3
1340103300;Hahnweiler;1;3
1340103600;Heimbach;1;3
1340105100;Leitzweiler;1;3
1340105400;Mettweiler;1;3
1340106800;Reichenbach;1;3
1340107300;Rohrbach (VG Baumholder);1;3
1340107400;Rückweiler;1;3
1340107500;Ruschberg;1;3
1340200000;Birkenfeld, VG;31;2
1340200100;Abentheuer;1;3
1340200200;Achtelsbach;1;3
1340201000;Birkenfeld,St;1;3
1340201100;Börfink;1;3
1340201500;Brücken;1;3
1340201600;Buhlenberg;1;3
1340201800;Dambach;1;3
1340202000;Dienstweiler;1;3
1340202200;Elchweiler;1;3
1340202300;Ellenberg;1;3
1340202400;Ellweiler;1;3
1340202900;Gimbweiler;1;3
1340203100;Gollenberg;1;3
1340203400;Hattgenstein;1;3
1340204200;Hoppstädten-Weiersbach;1;3
1340204800;Kronweiler;1;3
1340205000;Leisel;1;3
1340205300;Meckenbach (VG Birkenfeld);1;3
1340205700;Niederbrombach;1;3
1340205800;Niederhambach;1;3
1340206100;Nohen;1;3
1340206200;Oberbrombach;1;3
1340206300;Oberhambach;1;3
1340207000;Rimsberg;1;3
1340207100;Rinzenberg;1;3
1340207200;Rötsweiler-Nockenthal;1;3
1340207800;Schmißberg;1;3
1340208000;Schwollen;1;3
1340208400;Siesbach;1;3
1340208500;Sonnenberg-Winnenberg;1;3
1340209400;Wilzenberg-Hußweiler;1;3
1340500000;Herrstein-Rhaunen, VG;50;2
1340500300;Allenbach;1;3
1340500400;Asbach (VG Rhaunen);1;3
1340500600;Bergen;1;3
1340500900;Berschweiler bei Kirn;1;3
1340501200;Bollenbach;1;3
1340501300;Breitenthal;1;3
1340501400;Bruchweiler;1;3
1340501700;Bundenbach;1;3
1340501900;Dickesbach;1;3
1340502500;Fischbach (VG Herrstein);1;3
1340502800;Gerach;1;3
1340503000;Gösenroth;1;3
1340503200;Griebelschied;1;3
1340503500;Hausen;1;3
1340503700;Hellertshausen;1;3
1340503800;Herborn;1;3
1340503900;Herrstein;1;3
1340504000;Hettenrodt;1;3
1340504100;Hintertiefenbach;1;3
1340504300;Horbruch;1;3
1340504400;Hottenbach;1;3
1340504600;Kempfeld;1;3
1340504700;Kirschweiler;1;3
1340504900;Krummenau;1;3
1340505200;Mackenrodt;1;3
1340505500;Mittelreidenbach;1;3
1340505600;Mörschied;1;3
1340505900;Niederhosenbach;1;3
1340506000;Niederwörresbach;1;3
1340506400;Oberhosenbach;1;3
1340506500;Oberkirn;1;3
1340506600;Oberreidenbach;1;3
1340506700;Oberwörresbach;1;3
1340506900;Rhaunen;1;3
1340507600;Schauren (VG Rhaunen);1;3
1340507700;Schmidthachenbach;1;3
1340507900;Schwerbach;1;3
1340508100;Sensweiler;1;3
1340508200;Sien;1;3
1340508300;Sienhachenbach;1;3
1340508600;Sonnschied;1;3
1340508700;Stipshausen;1;3
1340508800;Sulzbach (VG Rhaunen);1;3
1340508900;Veitsrodt;1;3
1340509000;Vollmersbach;1;3
1340509100;Weiden;1;3
1340509200;Weitersbach;1;3
1340509300;Wickenrodt;1;3
1340509500;Wirschweiler;1;3
1340550200;Langweiler (VG Herrstein);1;3
1350000000;Cochem-Zell, Landkreis;89;1
1350100000;Cochem, VG;23;2
1350100700;Beilstein;1;3
1350101200;Bremm;1;3
1350101500;Briedern;1;3
1350101700;Bruttig-Fankel;1;3
1350102000;Cochem, St;1;3
1350102100;Dohr;1;3
1350102400;Ediger-Eller;1;3
1350102500;Ellenz-Poltersdorf;1;3
1350102700;Ernst;1;3
1350102900;Faid;1;3
1350103600;Greimersburg;1;3
1350104900;Klotten;1;3
1350105300;Lieg;1;3
1350105600;Lütz;1;3
1350106000;Mesenich;1;3
1350106500;Moselkern;1;3
1350106600;Müden (Mosel);1;3
1350106900;Nehren;1;3
1350107200;Pommern;1;3
1350107900;Senheim;1;3
1350108200;Treis-Karden;1;3
1350108600;Valwig;1;3
1350109000;Wirfus;1;3
1350200000;Kaisersesch, VG;26;2
1350200900;Binningen;1;3
1350201100;Brachtendorf;1;3
1350201400;Brieden;1;3
1350201600;Brohl;1;3
1350202200;Dünfus;1;3
1350202300;Düngenheim;1;3
1350202600;Eppenberg;1;3
1350202800;Eulgem;1;3
1350203100;Forst (Eifel);1;3
1350203300;Gamlen;1;3
1350203800;Hambuch;1;3
1350204000;Hauroth;1;3
1350204200;Illerich;1;3
1350204300;Kaifenheim;1;3
1350204400;Kail;1;3
1350204500;Kaisersesch;1;3
1350204600;Kalenborn (VG Kaisersesch);1;3
1350205100;Landkern;1;3
1350205200;Laubach (VG Kaisersesch);1;3
1350205800;Masburg;1;3
1350206200;Möntenich;1;3
1350206700;Müllenbach (VG Kaisersesch);1;3
1350207500;Roes;1;3
1350208400;Urmersbach;1;3
1350209300;Zettingen;1;3
1350250200;Leienkaul;1;3
1350300000;Ulmen, VG;16;2
1350300200;Alflen;1;3
1350300500;Auderath;1;3
1350300800;Beuren;1;3
1350301800;Büchel;1;3
1350303000;Filz;1;3
1350303400;Gevenich;1;3
1350303500;Gillenbeuren;1;3
1350304800;Kliding;1;3
1350305700;Lutzerath;1;3
1350307800;Schmitt;1;3
1350308300;Ulmen;1;3
1350308500;Urschmitt;1;3
1350308700;Wagenhausen;1;3
1350308900;Weiler (VG Ulmen);1;3
1350309100;Wollmerath;1;3
1350350100;Bad Bertrich;1;3
1350500000;Zell (Mosel), VG;24;2
1350500100;Alf;1;3
1350500300;Altlay;1;3
1350500400;Altstrimmig;1;3
1350501000;Blankenrath;1;3
1350501300;Briedel;1;3
1350501900;Bullay;1;3
1350503200;Forst (Hunsrück);1;3
1350503700;Grenderich;1;3
1350503900;Haserich;1;3
1350504100;Hesweiler;1;3
1350505400;Liesenich;1;3
1350506100;Mittelstrimmig;1;3
1350506400;Moritzheim;1;3
1350506800;Neef;1;3
1350507000;Panzweiler;1;3
1350507100;Peterswald-Löffelsch.;1;3
1350507300;Pünderich;1;3
1350507400;Reidenhausen;1;3
1350507600;Sankt Aldegund;1;3
1350507700;Schauren (VG Zell (Mosel));1;3
1350508000;Sosberg;1;3
1350508100;Tellig;1;3
1350508800;Walhausen;1;3
1350509200;Zell (Mosel),St;1;3
1370000000;Mayen-Koblenz, Landkreis;84;1
1370100000;Pellenz, VG;5;2
1370105600;Kretz;1;3
1370105700;Kruft;1;3
1370108100;Nickenich;1;3
1370108800;Plaidt;1;3
1370109600;Saffig;1;3
1370200000;Maifeld, VG;18;2
1370202300;Einig;1;3
1370202700;Gappenach;1;3
1370202900;Gering;1;3
1370203000;Gierschnach;1;3
1370204100;Kalt;1;3
1370204800;Kerben;1;3
1370205300;Kollig;1;3
1370206500;Lonnig;1;3
1370207000;Mertloch;1;3
1370208000;Naunheim;1;3
1370208600;Ochtendung;1;3
1370208700;Pillig;1;3
1370208900;Polch,St;1;3
1370209500;Rüber;1;3
1370210200;Trimbs;1;3
1370211200;Welling;1;3
1370211400;Wierschem;1;3
1370250100;Münstermaifeld,St;1;3
1370300000;Vordereifel, VG;27;2
1370300100;Acht;1;3
1370300400;Anschau;1;3
1370300600;Arft;1;3
1370300700;Baar;1;3
1370301100;Bermel;1;3
1370301400;Boos (VG Vordereifel);1;3
1370301900;Ditscheid;1;3
1370302500;Ettringen;1;3
1370303400;Hausten;1;3
1370303500;Herresbach;1;3
1370303600;Hirten;1;3
1370304300;Kehrig;1;3
1370304900;Kirchwald;1;3
1370305500;Kottenheim;1;3
1370306000;Langenfeld;1;3
1370306100;Langscheid;1;3
1370306300;Lind (VG Vordereifel);1;3
1370306600;Luxem;1;3
1370307400;Monreal;1;3
1370307700;Münk;1;3
1370307900;Nachtsheim;1;3
1370309200;Reudelsterz;1;3
1370309700;Sankt Johann (VG Vordereifel);1;3
1370309900;Siebenbach;1;3
1370310500;Virneburg;1;3
1370311000;Weiler (VG Vordereifel);1;3
1370311300;Welschenbach;1;3
1370400000;Mendig, VG;5;2
1370400800;Bell;1;3
1370406900;Mendig,St Summe Urnenwahl;1;3
1370409300;Rieden;1;3
1370410100;Thür;1;3
1370410600;Volkesfeld;1;3
1370700000;Vallendar, VG;4;2
1370721800;Niederwerth;1;3
1370722400;Urbar;1;3
1370722600;Vallendar,St;1;3
1370722900;Weitersburg;1;3
1370800000;Weißenthurm, VG;7;2
1370820200;Bassenheim;1;3
1370820900;Kaltenengers;1;3
1370821100;Kettig;1;3
1370821600;Mülheim-Kärlich;1;3
1370822200;Sankt Sebastian;1;3
1370822500;Urmitz;1;3
1370822800;Weißenthurm,St;1;3
1370900000;Rhein-Mosel, VG;18;2
1370920100;Alken;1;3
1370920400;Brey;1;3
1370920500;Brodenbach;1;3
1370920600;Burgen (VG Untermosel);1;3
1370920700;Dieblich;1;3
1370920800;Hatzenport;1;3
1370921200;Kobern-Gondorf;1;3
1370921400;Löf;1;3
1370921500;Macken;1;3
1370921700;Niederfell;1;3
1370921900;Nörtershausen;1;3
1370922000;Oberfell;1;3
1370922100;Rhens,St;1;3
1370922300;Spay;1;3
1370922700;Waldesch;1;3
1370923000;Winningen;1;3
1370923100;Wolken;1;3
1370950400;Lehmen;1;3
1380000000;Neuwied, Landkreis;41;1
1380100000;Asbach, VG;4;2
1380100300;Asbach (VG Asbach);1;3
1380104400;Neustadt (Wied);1;3
1380107700;Windhagen;1;3
1380108000;Buchholz (Westerwald);1;3
1380200000;Bad Hönningen, VG;4;2
1380200400;Bad Hönningen,St;1;3
1380202400;Hammerstein;1;3
1380203800;Leutesdorf;1;3
1380206300;Rheinbrohl;1;3
1380300000;Dierdorf, VG;6;2
1380301200;Dierdorf,St;1;3
1380302300;Großmaischeid;1;3
1380303100;Isenburg;1;3
1380303400;Kleinmaischeid;1;3
1380306900;Stebach;1;3
1380320100;Marienhausen;1;3
1380400000;Linz am Rhein, VG;7;2
1380400900;Dattenberg;1;3
1380403700;Leubsdorf;1;3
1380404100;Linz am Rhein,St;1;3
1380405500;Ockenfels;1;3
1380406800;St. Katharinen (LK.Neuw.);1;3
1380407500;Vettelschoß;1;3
1380450100;Kasbach-Ohlenberg;1;3
1380500000;Puderbach, VG;16;2
1380501100;Dernbach (VG Puderbach);1;3
1380501300;Döttesfeld;1;3
1380501400;Dürrholz;1;3
1380502500;Hanroth;1;3
1380502700;Harschbach;1;3
1380504000;Linkenbach;1;3
1380504800;Niederhofen;1;3
1380505000;Niederwambach;1;3
1380505200;Oberdreis;1;3
1380505700;Puderbach;1;3
1380505800;Ratzert;1;3
1380505900;Raubach;1;3
1380506400;Rodenbach bei Puderbach;1;3
1380507000;Steimel;1;3
1380507400;Urbach;1;3
1380507800;Woldert;1;3
1380700000;Unkel, VG;4;2
1380700800;Bruchhausen;1;3
1380701900;Erpel;1;3
1380706200;Rheinbreitbach;1;3
1380707300;Unkel,St;1;3
1380900000;Rengsdorf-Waldbreitbach, VG;0;2
1380900200;Anhausen;0;3
1380900500;Bonefeld;0;3
1380900600;Breitscheid (VG Waldbreitbach);0;3
1380900700;Hausen (Wied);0;3
1380901000;Datzeroth;0;3
1380901500;Ehlscheid;0;3
1380902600;Hardert;0;3
1380903000;Hümmerich;0;3
1380903600;Kurtscheid;0;3
1380904200;Meinborn;0;3
1380904300;Melsbach;0;3
1380904700;Niederbreitbach;0;3
1380905300;Oberhonnefeld-Gierend;0;3
1380905400;Oberraden;0;3
1380906100;Rengsdorf;0;3
1380906500;Roßbach (VG Waldbreitbach);0;3
1380906600;Rüscheid;0;3
1380907100;Straßenhaus;0;3
1380907200;Thalhausen;0;3
1380907600;Waldbreitbach;0;3
1400000000;Rhein-Hunsrück-Kreis;136;1
1400300000;Kastellaun, VG;19;2
1400300100;Alterkülz;1;3
1400300900;Bell (Hunsrück);1;3
1400301000;Beltheim;1;3
1400301800;Braunshorn;1;3
1400302100;Buch (VG Kastellaun);1;3
1400304200;Gödenroth;1;3
1400304600;Hasselbach (VG Kastellaun);1;3
1400305500;Hollnich;1;3
1400306400;Kastellaun,St;1;3
1400307300;Korweiler;1;3
1400309500;Michelbach;1;3
1400313100;Roth (VG Kastellaun);1;3
1400314700;Spesenroth;1;3
1400315300;Uhler;1;3
1400320200;Dommershausen;1;3
1400320400;Mastershausen;1;3
1400350200;Lahr (VG Kastellaun);1;3
1400350300;Mörsdorf;1;3
1400350400;Zilshausen;1;3
1400400000;Kirchberg (Hunsr.), VG;40;2
1400400600;Bärenbach (VG Kirchberg (Hunsrück));1;3
1400400700;Belg;1;3
1400402400;Büchenbeuren;1;3
1400402800;Dickenschied;1;3
1400402900;Dill;1;3
1400403000;Dillendorf;1;3
1400404000;Gehlweiler;1;3
1400404100;Gemünden (VG Kirchberg (Hunsrück));1;3
1400404400;Hahn;1;3
1400404800;Hecken;1;3
1400404900;Heinzenbach;1;3
1400405000;Henau;1;3
1400405300;Hirschfeld (Hunsrück);1;3
1400406200;Kappel;1;3
1400406700;Kirchberg (Hunsr.),St;1;3
1400407100;Kludenbach;1;3
1400408100;Laufersweiler;1;3
1400408200;Lautzenhausen;1;3
1400408600;Lindenschied;1;3
1400409000;Maitzborn;1;3
1400409400;Metzenhausen;1;3
1400410500;Nieder Kostenz;1;3
1400410700;Niedersohren;1;3
1400410900;Niederweiler (VG Kirchberg (Hunsrück));1;3
1400411100;Ober Kostenz;1;3
1400412000;Raversbeuren;1;3
1400412200;Reckershausen;1;3
1400412800;Rödelhausen;1;3
1400412900;Rödern;1;3
1400413000;Rohrbach (VG Kirchberg (Hunsrück));1;3
1400413500;Schlierschied;1;3
1400414100;Schwarzen;1;3
1400414500;Sohren;1;3
1400414600;Sohrschied;1;3
1400415100;Todenroth;1;3
1400415400;Unzenberg;1;3
1400415900;Wahlenau;1;3
1400416300;Womrath;1;3
1400416400;Woppenroth;1;3
1400416500;Würrich;1;3
1400800000;Simmern-Rheinböllen, VG;44;2
1400800200;Altweidelbach;1;3
1400800300;Argenthal;1;3
1400800800;Belgweiler;1;3
1400801100;Benzweiler;1;3
1400801200;Bergenhausen;1;3
1400801500;Biebern;1;3
1400802000;Bubach;1;3
1400802300;Budenbach;1;3
1400802700;Dichtelbach;1;3
1400803500;Ellern (Hunsrück);1;3
1400803700;Erbach;1;3
1400803900;Fronhofen;1;3
1400805600;Holzbach;1;3
1400805800;Horn;1;3
1400806500;Keidelheim;1;3
1400806800;Kisselbach;1;3
1400807000;Klosterkumbd;1;3
1400807600;Külz (Hunsrück);1;3
1400807700;Kümbdchen;1;3
1400807900;Laubach (VG Simmern/Hunsrück);1;3
1400808500;Liebshausen;1;3
1400809200;Mengerschied;1;3
1400809600;Mörschbach;1;3
1400809900;Mutterschied;1;3
1400810000;Nannhausen;1;3
1400810100;Neuerkirch;1;3
1400810600;Niederkumbd;1;3
1400811300;Ohlweiler;1;3
1400811500;Oppertshausen;1;3
1400811800;Pleizenhausen;1;3
1400811900;Ravengiersburg;1;3
1400812100;Rayerschied;1;3
1400812300;Reich;1;3
1400812500;Rheinböllen;1;3
1400812600;Riegenroth;1;3
1400812700;Riesweiler;1;3
1400813400;Sargenroth;1;3
1400813800;Schnorbach;1;3
1400813900;Schönborn (VG Simmern/Hunsrück);1;3
1400814400;Simmern/Hunsrück,St;1;3
1400814800;Steinbach;1;3
1400815000;Tiefenbach;1;3
1400815800;Wahlbach;1;3
1400816600;Wüschheim;1;3
1400900000;Hunsrück-Mittelrhein, VG;33;2
1400900500;Badenhard;1;3
1400901400;Bickenbach;1;3
1400901600;Birkheim;1;3
1400902500;Damscheid;1;3
1400903100;Dörth;1;3
1400903600;Emmelshausen;1;3
1400904300;Gondershausen;1;3
1400904500;Halsenbach;1;3
1400904700;Hausbay;1;3
1400906000;Hungenroth;1;3
1400906300;Karbach;1;3
1400907500;Kratzenburg;1;3
1400908000;Laudert;1;3
1400908400;Leiningen;1;3
1400908700;Lingerhahn;1;3
1400908900;Maisborn;1;3
1400909300;Mermuth;1;3
1400909800;Mühlpfad;1;3
1400910200;Ney;1;3
1400910400;Niederburg;1;3
1400910800;Niedert;1;3
1400911000;Norath;1;3
1400911200;Oberwesel,St;1;3
1400911600;Perscheid;1;3
1400911700;Pfalzfeld;1;3
1400913300;Sankt Goar;1;3
1400914000;Schwall;1;3
1400914900;Thörlingen;1;3
1400915500;Urbar;1;3
1400915600;Utzenhain;1;3
1400916100;Wiebelsheim;1;3
1400920100;Beulich;1;3
1400920500;Morshausen;1;3
1410000000;Rhein-Lahn-Kreis;108;1
1410300000;Diez, VG;23;2
1410300200;Altendiez;1;3
1410300500;Aull;1;3
1410301400;Birlenbach;1;3
1410302100;Charlottenberg;1;3
1410302200;Cramberg;1;3
1410302900;Diez,St;1;3
1410303000;Dörnberg;1;3
1410303800;Eppenrod;1;3
1410304500;Geilnau;1;3
1410304900;Gückingen;1;3
1410305200;Hambach;1;3
1410305300;Heistenbach;1;3
1410305700;Hirschberg;1;3
1410305900;Holzappel;1;3
1410306100;Holzheim;1;3
1410306200;Horhausen;1;3
1410306400;Isselbach;1;3
1410307600;Langenscheid;1;3
1410307700;Laurenburg;1;3
1410312400;Scheidt;1;3
1410313000;Steinsberg;1;3
1410313300;Wasenbach;1;3
1410350300;Balduinstein;1;3
1410700000;Nastätten, VG;32;2
1410700900;Berg (VG Nastätten);1;3
1410701200;Bettendorf;1;3
1410701500;Bogel;1;3
1410701900;Buch (VG Nastätten);1;3
1410703500;Ehr;1;3
1410703700;Endlichhofen;1;3
1410704000;Eschbach (VG Nastätten);1;3
1410704700;Gemmerich;1;3
1410705500;Himmighofen;1;3
1410706000;Holzhausen an der Haide;1;3
1410706300;Hunzel;1;3
1410706700;Kasdorf;1;3
1410707000;Kehlbach;1;3
1410707800;Lautert;1;3
1410708000;Lipporn;1;3
1410708400;Marienfels;1;3
1410708500;Miehlen;1;3
1410709200;Nastätten,St;1;3
1410709400;Niederbachheim;1;3
1410709700;Niederwallmenach;1;3
1410710000;Oberbachheim;1;3
1410710400;Obertiefenbach;1;3
1410710500;Oberwallmenach;1;3
1410710700;Oelsberg;1;3
1410711000;Hainau;1;3
1410711600;Rettershain;1;3
1410712000;Ruppertshofen;1;3
1410713100;Strüth;1;3
1410713400;Weidenbach (VG Nastätten);1;3
1410713700;Welterod;1;3
1410714000;Winterwerb;1;3
1410750200;Diethardt;1;3
1410900000;Loreley, VG;22;2
1410900400;Auel;1;3
1410901600;Bornich;1;3
1410902300;Dachsenhausen;1;3
1410902400;Dahlheim;1;3
1410903100;Dörscheid;1;3
1410904200;Filsen;1;3
1410906600;Kamp-Bornhofen;1;3
1410906900;Kaub,St;1;3
1410907200;Kestert;1;3
1410907900;Lierschied;1;3
1410908300;Lykershausen;1;3
1410909900;Nochern;1;3
1410910800;Osterspai;1;3
1410910900;Patersberg;1;3
1410911200;Prath;1;3
1410911400;Reichenberg;1;3
1410911500;Reitzenhain;1;3
1410912100;Sankt Goarshausen,St;1;3
1410912200;Sauerthal;1;3
1410913600;Weisel;1;3
1410913800;Weyer;1;3
1410950100;Braubach,St;1;3
1411000000;Bad Ems-Nassau, VG;0;2
1411000300;Attenhausen;0;3
1411000600;Bad Ems,St;0;3
1411000800;Becheln;0;3
1411002500;Dausenau;0;3
1411002600;Dessighofen;0;3
1411002700;Dienethal;0;3
1411003300;Dornholzhausen;0;3
1411004100;Fachbach;0;3
1411004400;Frücht;0;3
1411004600;Geisig;0;3
1411005800;Hömberg;0;3
1411007100;Kemmenau;0;3
1411008200;Lollschied;0;3
1411008600;Miellen;0;3
1411008700;Misselberg;0;3
1411009100;Nassau,St;0;3
1411009800;Nievern;0;3
1411010300;Obernhof;0;3
1411010600;Oberwies;0;3
1411011100;Pohl;0;3
1411012700;Schweighausen;0;3
1411012800;Seelbach;0;3
1411012900;Singhofen;0;3
1411013200;Sulzbach (VG Nassau);0;3
1411013500;Weinähr;0;3
1411013900;Winden (VG Nassau);0;3
1411014100;Zimmerschied;0;3
1411020100;Arzbach;0;3
1411100000;Aar-Einrich, VG;31;2
1411100100;Allendorf;1;3
1411101000;Berghausen;1;3
1411101100;Berndroth;1;3
1411101300;Biebrich;1;3
1411101800;Bremberg;1;3
1411102000;Burgschwalbach;1;3
1411103200;Dörsdorf;1;3
1411103400;Ebertshausen;1;3
1411103600;Eisighofen;1;3
1411103900;Ergeshausen;1;3
1411104300;Flacht;1;3
1411105000;Gutenacker;1;3
1411105100;Hahnstätten;1;3
1411105400;Herold;1;3
1411106500;Kaltenholzhausen;1;3
1411106800;Katzenelnbogen,St;1;3
1411107300;Klingelbach;1;3
1411107400;Kördorf;1;3
1411108100;Lohrheim;1;3
1411108800;Mittelfischbach;1;3
1411108900;Mudershausen;1;3
1411109300;Netzbach;1;3
1411109500;Niederneisen;1;3
1411109600;Niedertiefenbach;1;3
1411110100;Oberfischbach;1;3
1411110200;Oberneisen;1;3
1411111300;Reckenroth;1;3
1411111700;Rettert;1;3
1411111800;Roth (VG Katzenelnbogen);1;3
1411112500;Schiesheim;1;3
1411112600;Schönborn (VG Katzenelnbogen);1;3
1430000000;Westerwaldkreis;192;1
1430100000;Bad Marienberg, VG;18;2
1430120600;Bad Marienberg (Ww.),St;1;3
1430121100;Bölsberg;1;3
1430121600;Dreisbach;1;3
1430122200;Fehl-Ritzhausen;1;3
1430122700;Großseifen;1;3
1430123100;Hahn bei Marienberg;1;3
1430123400;Hardt;1;3
1430124300;Hof;1;3
1430124800;Kirburg;1;3
1430125300;Langenbach bei Kirburg;1;3
1430125500;Lautzenbrücken;1;3
1430126400;Mörlen;1;3
1430127000;Neunkhausen;1;3
1430127700;Nisterau;1;3
1430127900;Nistertal;1;3
1430128000;Norken;1;3
1430129700;Stockhausen-Illfurth;1;3
1430130000;Unnau;1;3
1430200000;Hachenburg, VG;33;2
1430220200;Alpenrod;1;3
1430220400;Astert;1;3
1430220500;Atzelgift;1;3
1430221200;Borod;1;3
1430221500;Dreifelden;1;3
1430222300;Gehlert;1;3
1430222500;Giesenhausen;1;3
1430222900;Hachenburg,St;1;3
1430223500;Hattert;1;3
1430223600;Heimborn;1;3
1430224000;Heuzert;1;3
1430224100;Höchstenbach;1;3
1430225000;Kroppach;1;3
1430225200;Kundert;1;3
1430225700;Limbach (VG Hachenburg);1;3
1430225800;Linden (VG Hachenburg);1;3
1430225900;Lochum;1;3
1430226000;Luckenbach;1;3
1430226100;Marzhausen;1;3
1430226200;Merkelbach;1;3
1430226500;Mörsbach;1;3
1430226700;Mudenbach;1;3
1430226800;Mündersbach;1;3
1430226900;Müschenbach;1;3
1430227600;Nister;1;3
1430228700;Roßbach (VG Hachenburg);1;3
1430229400;Steinebach an der Wied;1;3
1430229600;Stein-Wingert;1;3
1430229900;Streithausen;1;3
1430230100;Wahlrod;1;3
1430230600;Welkenbach;1;3
1430231000;Wied;1;3
1430231300;Winkelbach;1;3
1430300000;Höhr-Grenzhausen, VG;4;2
1430303000;Hilgert;1;3
1430303100;Hillscheid;1;3
1430303200;Höhr-Grenzhausen,St;1;3
1430304000;Kammerforst;1;3
1430400000;Montabaur, VG;25;2
1430400500;Boden;1;3
1430400800;Daubach (VG Montabaur);1;3
1430401300;Eitelborn;1;3
1430402000;Gackenbach;1;3
1430402100;Girod;1;3
1430402300;Görgeshausen;1;3
1430402400;Großholbach;1;3
1430402600;Heilberscheid;1;3
1430402700;Heiligenroth;1;3
1430403300;Holler;1;3
1430403400;Horbach (VG Montabaur);1;3
1430403600;Hübingen;1;3
1430403900;Kadenbach;1;3
1430404800;Montabaur,St;1;3
1430405100;Nentershausen;1;3
1430405200;Neuhäusel;1;3
1430405300;Niederelbert;1;3
1430405400;Niedererbach;1;3
1430405500;Nomborn;1;3
1430405700;Oberelbert;1;3
1430406500;Ruppach-Goldhausen;1;3
1430407100;Simmern;1;3
1430407200;Stahlhofen;1;3
1430407700;Untershausen;1;3
1430407900;Welschneudorf;1;3
1430500000;Ransbach-Baumbach, VG;11;2
1430500100;Alsbach;1;3
1430500600;Breitenau;1;3
1430500700;Caan;1;3
1430500900;Deesen;1;3
1430503800;Hundsdorf;1;3
1430505000;Nauort;1;3
1430505900;Oberhaid;1;3
1430506200;Ransbach-Baumbach,St;1;3
1430506800;Sessenbach;1;3
1430508200;Wirscheid;1;3
1430508400;Wittgert;1;3
1430600000;Rennerod, VG;23;2
1430621400;Bretthausen;1;3
1430621800;Elsoff (Westerwald);1;3
1430623700;Hellenhahn-Schellenberg;1;3
1430624400;Homberg (VG Rennerod);1;3
1430624500;Hüblingen;1;3
1430624600;Irmtraut;1;3
1430625600;Liebenscheid;1;3
1430627100;Neunkirchen (VG Rennerod);1;3
1430627200;Neustadt/Westerwald;1;3
1430627400;Niederroßbach;1;3
1430627800;Nister-Möhrendorf;1;3
1430628200;Oberrod;1;3
1430628300;Oberroßbach;1;3
1430628500;Rehe;1;3
1430628600;Rennerod,St;1;3
1430629100;Salzburg;1;3
1430629200;Seck;1;3
1430629500;Stein-Neukirch;1;3
1430630200;Waigandshain;1;3
1430630300;Waldmühlen;1;3
1430630900;Westernohe;1;3
1430631100;Willingen;1;3
1430631500;Zehnhausen bei Rennerod;1;3
1430700000;Selters/Ww., VG;21;2
1430701500;Ellenhausen;1;3
1430701800;Freilingen;1;3
1430701900;Freirachdorf;1;3
1430702200;Goddert;1;3
1430702500;Hartenfels;1;3
1430702900;Herschbach;1;3
1430704100;Krümmel;1;3
1430704400;Marienrachdorf;1;3
1430704500;Maroth;1;3
1430704600;Maxsain;1;3
1430705600;Nordhofen;1;3
1430706100;Quirnbach;1;3
1430706400;Rückeroth;1;3
1430706600;Schenkelberg;1;3
1430706700;Selters (Westerwald);1;3
1430706900;Sessenhausen;1;3
1430707500;Steinen;1;3
1430707800;Vielbach;1;3
1430708500;Wölferlingen;1;3
1430722100;Ewighausen;1;3
1430730500;Weidenhahn;1;3
1430800000;Wallmerod, VG;21;2
1430801100;Dreikirchen;1;3
1430803700;Hundsangen;1;3
1430805800;Obererbach;1;3
1430807400;Steinefrenz;1;3
1430808000;Weroth;1;3
1430820300;Arnshöfen;1;3
1430820800;Berod bei Wallmerod;1;3
1430821000;Bilkheim;1;3
1430822000;Ettinghausen;1;3
1430823200;Hahn am See;1;3
1430823900;Herschbach (Oberww.);1;3
1430825100;Kuhnhöfen;1;3
1430826300;Meudt;1;3
1430826600;Molsberg;1;3
1430827300;Niederahr;1;3
1430828100;Oberahr;1;3
1430829000;Salz;1;3
1430830400;Wallmerod;1;3
1430831600;Zehnhausen b.Wallmerod;1;3
1430850100;Elbingen;1;3
1430850200;Mähren;1;3
1430900000;Westerburg, VG;24;2
1430920000;Ailertchen;1;3
1430920700;Bellingen;1;3
1430920900;Berzhahn;1;3
1430921300;Brandscheid (VG Westerburg);1;3
1430921900;Enspel;1;3
1430922400;Gemünden (VG Westerburg);1;3
1430922600;Girkenroth;1;3
1430922800;Guckheim;1;3
1430923000;Härtlingen;1;3
1430923300;Halbs;1;3
1430923800;Hergenroth;1;3
1430924200;Höhn;1;3
1430924700;Kaden;1;3
1430924900;Kölbingen;1;3
1430925400;Langenhahn;1;3
1430928400;Pottum;1;3
1430928800;Rotenhain;1;3
1430928900;Rothenbach;1;3
1430929300;Stahlhofen am Wiesensee;1;3
1430929800;Stockum-Püschen;1;3
1430930700;Weltersburg;1;3
1430930800;Westerburg,St;1;3
1430931200;Willmenrod;1;3
1430931400;Winnen;1;3
1431000000;Wirges, VG;12;2
1431000300;Bannberscheid;1;3
1431001000;Dernbach (Westerwald);1;3
1431001200;Ebernhahn;1;3
1431002800;Helferskirchen;1;3
1431004200;Leuterod;1;3
1431004700;Mogendorf;1;3
1431004900;Moschheim;1;3
1431006000;Ötzingen;1;3
1431007000;Siershahn;1;3
1431007300;Staudt;1;3
1431008100;Wirges,St;1;3
1431027500;Niedersayn;1;3
2310000000;Bernkastel-Wittlich, Landkreis;105;1
2310100000;Bernkastel-Kues, VG;23;2
2310100800;Bernkastel-Kues,St;1;3
2310101200;Brauneberg;1;3
2310101600;Burgen (VG Bernkastel-Kues);1;3
2310103000;Erden;1;3
2310104000;Gornhausen;1;3
2310104100;Graach an der Mosel;1;3
2310105600;Hochscheid;1;3
2310106600;Kesten;1;3
2310107000;Kleinich;1;3
2310107100;Kommen;1;3
2310107500;Lieser;1;3
2310107600;Lösnich;1;3
2310107700;Longkamp;1;3
2310108100;Maring-Noviand;1;3
2310108600;Minheim;1;3
2310108700;Monzelfeld;1;3
2310109000;Mülheim an der Mosel;1;3
2310109200;Neumagen-Dhron;1;3
2310110500;Piesport;1;3
2310112500;Ürzig;1;3
2310112600;Veldenz;1;3
2310113300;Wintrich;1;3
2310113600;Zeltingen-Rachtig;1;3
2310600000;Thalfang am Erbeskopf, VG;21;2
2310600600;Berglicht;1;3
2310601700;Burtscheid;1;3
2310601800;Deuselbach;1;3
2310601900;Dhronecken;1;3
2310603200;Etgert;1;3
2310603500;Gielert;1;3
2310604200;Gräfendhron;1;3
2310605400;Hilscheid;1;3
2310605800;Horath;1;3
2310606400;Immert;1;3
2310607800;Lückenburg;1;3
2310607900;Malborn;1;3
2310608300;Merschbach;1;3
2310609300;Neunkirchen (VG Thalfang am Erbeskopf);1;3
2310611200;Rorodt;1;3
2310611500;Schönberg;1;3
2310612200;Talling;1;3
2310612300;Thalfang;1;3
2310620200;Breit;1;3
2310620300;Büdlich;1;3
2310620400;Heidenburg;1;3
2310800000;Wittlich-Land, VG;45;2
2310800100;Altrich;1;3
2310800300;Arenrath;1;3
2310800700;Bergweiler;1;3
2310800900;Bettenfeld;1;3
2310801000;Binsfeld;1;3
2310801300;Bruch;1;3
2310802100;Dierfeld;1;3
2310802200;Dierscheid;1;3
2310802300;Dodenburg;1;3
2310802400;Dreis;1;3
2310802500;Eckfeld;1;3
2310802600;Eisenschmitt;1;3
2310803100;Esch (VG Wittlich-Land);1;3
2310803600;Gipperath;1;3
2310803700;Gladbach;1;3
2310804400;Greimerath (VG Manderscheid);1;3
2310804600;Großlittgen;1;3
2310804900;Hasborn;1;3
2310805000;Heckenmünster;1;3
2310805100;Heidweiler;1;3
2310805300;Hetzerath;1;3
2310806200;Hupperath;1;3
2310806500;Karl;1;3
2310806900;Klausen;1;3
2310807400;Laufeld;1;3
2310808000;Manderscheid,St.(VG Manderscheid);1;3
2310808200;Meerfeld;1;3
2310808500;Minderlittgen;1;3
2310809100;Musweiler;1;3
2310809500;Niederöfflingen;1;3
2310809600;Niederscheidweiler;1;3
2310810000;Oberöfflingen;1;3
2310810100;Oberscheidweiler;1;3
2310810300;Osann-Monzel;1;3
2310810400;Pantenburg;1;3
2310810700;Platten;1;3
2310810800;Plein;1;3
2310811100;Rivenich;1;3
2310811300;Salmtal;1;3
2310811400;Schladt;1;3
2310811600;Schwarzenborn;1;3
2310811700;Sehlem;1;3
2310812700;Wallscheid;1;3
2310850300;Landscheid;1;3
2310850400;Niersbach;1;3
2310900000;Traben-Trarbach, VG;16;2
2310900400;Bausendorf;1;3
2310900500;Bengel;1;3
2310901400;Burg (Mosel);1;3
2310902000;Diefenbach;1;3
2310902900;Enkirch;1;3
2310903300;Flußbach;1;3
2310905700;Hontheim;1;3
2310906700;Kinderbeuern;1;3
2310906800;Kinheim;1;3
2310907200;Kröv;1;3
2310911000;Reil;1;3
2310912000;Starkenburg;1;3
2310912400;Traben-Trarbach,St;1;3
2310913200;Willwerscheid;1;3
2310920600;Lötzbeuren;1;3
2310950100;Irmenach;1;3
2320000000;Eifelkreis Bitburg-Prüm;233;1
2320100000;Arzfeld, VG;43;2
2320120100;Arzfeld;1;3
2320121100;Dackscheid;1;3
2320121200;Dahnen;1;3
2320121300;Daleiden;1;3
2320121400;Dasburg;1;3
2320121700;Eilscheid;1;3
2320122000;Eschfeld;1;3
2320122100;Euscheid;1;3
2320122900;Großkampenberg;1;3
2320123300;Hargarten;1;3
2320123400;Harspelt;1;3
2320124000;Herzfeld;1;3
2320124500;Irrhausen;1;3
2320124600;Jucken;1;3
2320124700;Kesfeld;1;3
2320124800;Kickeshausen;1;3
2320124900;Kinzenburg;1;3
2320125300;Krautscheid;1;3
2320125400;Lambertsberg;1;3
2320125500;Lascheid;1;3
2320125800;Lauperath;1;3
2320125900;Leidenborn;1;3
2320126000;Lichtenborn;1;3
2320126100;Lierfeld;1;3
2320126200;Lünebach;1;3
2320126300;Lützkampen;1;3
2320126400;Manderscheid (VG Arzfeld);1;3
2320126700;Mauel;1;3
2320127000;Merlscheid;1;3
2320127700;Niederpierscheid;1;3
2320128500;Oberpierscheid;1;3
2320128700;Olmscheid;1;3
2320129100;Pintesfeld;1;3
2320129300;Plütscheid;1;3
2320129400;Preischeid;1;3
2320129700;Reiff;1;3
2320129800;Reipeldingen;1;3
2320130100;Roscheid;1;3
2320130900;Sengerich;1;3
2320131000;Sevenig (Our);1;3
2320131500;Strickscheid;1;3
2320132200;Waxweiler;1;3
2320133300;Üttfeld;1;3
2320500000;Südeifel, VG;66;2
2320500100;Affler;1;3
2320500200;Alsdorf (VG Irrel);1;3
2320500300;Altscheid;1;3
2320500400;Ammeldingen an der Our;1;3
2320500500;Ammeldingen b.Neuerburg;1;3
2320500800;Bauler (VG Neuerburg);1;3
2320501100;Berkoth;1;3
2320501200;Berscheid;1;3
2320501600;Biesdorf;1;3
2320501900;Bollendorf;1;3
2320502200;Burg;1;3
2320502500;Dauwelshausen;1;3
2320502800;Echternacherbrück;1;3
2320503100;Emmelbaum;1;3
2320503300;Ernzen;1;3
2320503700;Ferschweiler;1;3
2320503800;Fischbach-Oberraden;1;3
2320504000;Geichlingen;1;3
2320504100;Gemünd;1;3
2320504200;Gentingen;1;3
2320504700;Heilbach;1;3
2320504900;Herbstmühle;1;3
2320505300;Holsthum;1;3
2320505400;Hommerdingen;1;3
2320505600;Hütten;1;3
2320505900;Hüttingen bei Lahr;1;3
2320506300;Irrel;1;3
2320506400;Karlshausen;1;3
2320506500;Kaschenbach;1;3
2320506600;Keppeshausen;1;3
2320506700;Körperich;1;3
2320506800;Koxhausen;1;3
2320506900;Kruchten;1;3
2320507200;Lahr (VG Neuerburg);1;3
2320507300;Leimbach (VG Neuerburg);1;3
2320507800;Menningen;1;3
2320508000;Mettendorf;1;3
2320508200;Minden;1;3
2320508400;Muxerath;1;3
2320508500;Nasingen;1;3
2320508800;Neuerburg,St;1;3
2320508900;Niedergeckler;1;3
2320509000;Niederraden;1;3
2320509300;Niederweis;1;3
2320509400;Niehl;1;3
2320509500;Nusbaum;1;3
2320509600;Obergeckler;1;3
2320510200;Utscheid;1;3
2320510300;Peffingen;1;3
2320510600;Plascheid;1;3
2320510800;Prümzurlay;1;3
2320511000;Rodershausen;1;3
2320511200;Roth an der Our;1;3
2320511400;Schankweiler;1;3
2320511600;Scheitenkorb;1;3
2320511700;Scheuern;1;3
2320512100;Sevenig bei Neuerburg;1;3
2320512200;Sinspelt;1;3
2320512700;Übereisenbach;1;3
2320512800;Uppershausen;1;3
2320513000;Waldhof-Falkenstein;1;3
2320513100;Wallendorf;1;3
2320513200;Weidingen;1;3
2320513800;Zweifelscheid;1;3
2320521800;Eisenach;1;3
2320522500;Gilzem;1;3
2320600000;Prüm, VG;44;2
2320620200;Auw bei Prüm;1;3
2320620600;Bleialf;1;3
2320620700;Brandscheid (VG Prüm);1;3
2320620800;Buchet;1;3
2320620900;Büdesheim;1;3
2320621600;Dingdorf;1;3
2320622200;Feuerscheid;1;3
2320622300;Fleringen;1;3
2320622400;Giesdorf;1;3
2320622600;Weinsheim (VG Prüm);1;3
2320622700;Gondenbrett;1;3
2320623000;Großlangenfeld;1;3
2320623100;Habscheid;1;3
2320623600;Heckhuscheid;1;3
2320623800;Heisdorf;1;3
2320625000;Kleinlangenfeld;1;3
2320625600;Lasel;1;3
2320626500;Masthorn;1;3
2320626600;Matzerath;1;3
2320627100;Mützenich;1;3
2320627200;Neuendorf;1;3
2320627600;Niederlauch;1;3
2320627900;Nimshuscheid;1;3
2320628000;Nimsreuland;1;3
2320628300;Oberlascheid;1;3
2320628400;Oberlauch;1;3
2320628800;Olzheim;1;3
2320629000;Orlenbach;1;3
2320629200;Pittenbach;1;3
2320629500;Pronsfeld;1;3
2320629600;Prüm,St;1;3
2320630000;Rommersheim;1;3
2320630200;Roth bei Prüm;1;3
2320630400;Schönecken;1;3
2320630500;Schwirzheim;1;3
2320630700;Seiwerath;1;3
2320630800;Sellerich;1;3
2320631800;Wallersheim;1;3
2320632000;Watzerath;1;3
2320632100;Wawern (VG Prüm);1;3
2320632700;Winringen;1;3
2320632800;Winterscheid;1;3
2320632900;Winterspelt;1;3
2320633200;Hersdorf;1;3
2320700000;Speicher, VG;9;2
2320700600;Auw an der Kyll;1;3
2320701000;Beilingen;1;3
2320705000;Herforst;1;3
2320705500;Hosten;1;3
2320710400;Philippsheim;1;3
2320710700;Preist;1;3
2320712300;Speicher;1;3
2320728900;Orenhofen;1;3
2320731100;Spangdahlem;1;3
2320800000;Bitburger Land, VG;71;2
2320800700;Badem;1;3
2320800900;Baustert;1;3
2320801300;Bettingen;1;3
2320801400;Bickendorf;1;3
2320801500;Biersdorf;1;3
2320801700;Birtlingen;1;3
2320802000;Brecht;1;3
2320802400;Dahlem;1;3
2320802600;Dockendorf;1;3
2320802700;Dudeldorf;1;3
2320802900;Echtershausen;1;3
2320803000;Ehlenz;1;3
2320803200;Enzen;1;3
2320803400;Eßlingen;1;3
2320803500;Etteldorf;1;3
2320803600;Feilsdorf;1;3
2320803900;Fließem;1;3
2320804300;Gindorf;1;3
2320804400;Gondorf;1;3
2320804500;Halsdorf;1;3
2320804600;Hamm (VG Bitburg-Land);1;3
2320804800;Heilenbach;1;3
2320805700;Hütterscheid;1;3
2320805800;Hüttingen an der Kyll;1;3
2320806000;Idenheim;1;3
2320806100;Idesheim;1;3
2320806200;Ingendorf;1;3
2320807000;Kyllburg,St;1;3
2320807100;Kyllburgweiler;1;3
2320807400;Ließem;1;3
2320807500;Malberg (VG Kyllburg);1;3
2320807600;Malbergweich;1;3
2320807700;Meckel;1;3
2320807900;Messerich;1;3
2320808100;Metterich;1;3
2320808300;Mülbach;1;3
2320808600;Nattenheim;1;3
2320808700;Neidenbach;1;3
2320809100;Niederstedem;1;3
2320809200;Niederweiler (VG Bitburg-Land);1;3
2320809700;Oberstedem;1;3
2320809800;Oberweiler;1;3
2320809900;Oberweis;1;3
2320810000;Olsdorf;1;3
2320810100;Orsfeld;1;3
2320810500;Pickließem;1;3
2320810900;Rittersdorf;1;3
2320811100;Röhl;1;3
2320811300;Sankt Thomas;1;3
2320811500;Scharfbillig;1;3
2320811800;Schleid;1;3
2320811900;Seffern;1;3
2320812000;Sefferweich;1;3
2320812400;Stockem;1;3
2320812500;Sülm;1;3
2320812600;Trimport;1;3
2320812900;Usch;1;3
2320813300;Wettlingen;1;3
2320813400;Wiersdorf;1;3
2320813500;Wilsecker;1;3
2320813700;Wolsfeld;1;3
2320820300;Balesfeld;1;3
2320821000;Burbach;1;3
2320822800;Gransdorf;1;3
2320827300;Neuheilenbach;1;3
2320828200;Oberkail;1;3
2320830600;Seinsfeld;1;3
2320831300;Steinborn;1;3
2320833100;Zendscheid;1;3
2320850100;Wißmannsdorf;1;3
2320850200;Brimingen;1;3
2330000000;Vulkaneifel, Landkreis;71;1
2330100000;Daun, VG;38;2
2330100600;Betteldorf;1;3
2330100800;Bleckhausen;1;3
2330101100;Brockscheid;1;3
2330101400;Darscheid;1;3
2330101600;Demerath;1;3
2330101700;Deudesfeld;1;3
2330101800;Dockweiler;1;3
2330102000;Dreis-Brück;1;3
2330102100;Ellscheid;1;3
2330102500;Gefell;1;3
2330102700;Gillenfeld;1;3
2330103000;Hinterweiler;1;3
2330103100;Hörscheid;1;3
2330103400;Immerath;1;3
2330103900;Kirchweiler;1;3
2330104000;Kradenbach;1;3
2330104200;Mehren (VG Daun);1;3
2330104300;Meisburg;1;3
2330104600;Mückeln;1;3
2330104900;Nerdlen;1;3
2330105200;Niederstadtfeld;1;3
2330105500;Oberstadtfeld;1;3
2330106100;Sarmersbach;1;3
2330106200;Saxler;1;3
2330106300;Schalkenmehren;1;3
2330106400;Schönbach;1;3
2330106500;Schutz;1;3
2330106700;Steineberg;1;3
2330106800;Steiningen;1;3
2330107000;Strohn;1;3
2330107100;Strotzbüsch;1;3
2330107400;Udler;1;3
2330107500;Üdersdorf;1;3
2330107700;Utzerath;1;3
2330107900;Wallenborn;1;3
2330108100;Weidenbach (VG Daun);1;3
2330108400;Winkel (Eifel);1;3
2330150100;Daun,St;1;3
2330400000;Kelberg, VG;33;2
2330400300;Beinhausen;1;3
2330401000;Boxberg;1;3
2330403200;Hörschhausen;1;3
2330403700;Katzwinkel;1;3
2330404800;Neichen;1;3
2330420100;Arbach;1;3
2330420200;Bereborn;1;3
2330420300;Berenbach;1;3
2330420500;Bodenbach;1;3
2330420600;Bongard;1;3
2330420700;Borler;1;3
2330420800;Brücktal;1;3
2330421000;Drees;1;3
2330421200;Gelenberg;1;3
2330421300;Gunderath;1;3
2330421500;Höchstberg;1;3
2330421600;Horperath;1;3
2330421700;Kaperich;1;3
2330421800;Kelberg;1;3
2330422000;Kirsbach;1;3
2330422100;Kötterichen;1;3
2330422200;Kolverath;1;3
2330422400;Lirstal;1;3
2330422500;Mannebach (VG Kelberg);1;3
2330422600;Mosbruch;1;3
2330422800;Nitz;1;3
2330423000;Oberelz;1;3
2330423300;Reimerath;1;3
2330423400;Retterath;1;3
2330423600;Sassen;1;3
2330424200;Uersfeld;1;3
2330424300;Ueß;1;3
2330424400;Welcherath;1;3
2330600000;Gerolstein, VG;0;2
2330600200;Basberg;0;3
2330600400;Berlingen;0;3
2330600500;Berndorf;0;3
2330600700;Birgel;0;3
2330601900;Dohm-Lammersdorf;0;3
2330602200;Esch (VG Obere Kyll);0;3
2330602300;Feusdorf;0;3
2330602600;Gerolstein,St;0;3
2330602800;Gönnersdorf (VG Obere Kyll);0;3
2330602900;Hillesheim,St.(VG Hillesheim);0;3
2330603300;Hohenfels-Essingen;0;3
2330603500;Jünkerath;0;3
2330603600;Kalenborn-Scheuern;0;3
2330603800;Kerpen (Eifel);0;3
2330604100;Lissendorf;0;3
2330605000;Neroth;0;3
2330605300;Oberbettingen;0;3
2330605400;Oberehe-Stroheich;0;3
2330605600;Pelm;0;3
2330605800;Rockeskyll;0;3
2330606000;Salm;0;3
2330607600;Üxheim;0;3
2330608000;Walsdorf;0;3
2330608300;Wiesbaum;0;3
2330620400;Birresborn;0;3
2330620900;Densborn;0;3
2330621100;Duppach;0;3
2330621400;Hallschlag;0;3
2330621900;Kerschenbach;0;3
2330622300;Kopp;0;3
2330622700;Mürlenbach;0;3
2330622900;Nohn;0;3
2330623200;Ormont;0;3
2330623500;Reuth;0;3
2330623700;Scheid;0;3
2330623900;Schüller;0;3
2330624000;Stadtkyll;0;3
2330624100;Steffeln;0;3
2350000000;Trier-Saarburg, Landkreis;75;1
2350100000;Hermeskeil, VG;13;2
2350100500;Bescheid;1;3
2350100800;Beuren (Hochwald);1;3
2350101400;Damflos;1;3
2350103000;Geisfeld;1;3
2350103500;Grimburg;1;3
2350103600;Gusenburg;1;3
2350104500;Hermeskeil,St;1;3
2350104700;Hinzert-Pölert;1;3
2350109200;Naurath (Wald);1;3
2350109300;Neuhütten;1;3
2350111200;Rascheid;1;3
2350111400;Reinsfeld;1;3
2350115300;Züsch;1;3
2350300000;Konz, VG;12;2
2350305500;Kanzem;1;3
2350306800;Konz,St;1;3
2350309500;Nittel;1;3
2350309600;Oberbillig;1;3
2350310100;Onsdorf;1;3
2350310600;Pellingen;1;3
2350313200;Tawern;1;3
2350313300;Temmels;1;3
2350314300;Wasserliesch;1;3
2350314400;Wawern (VG Konz);1;3
2350314600;Wellen;1;3
2350314800;Wiltingen;1;3
2350400000;Ruwer, VG;20;2
2350401000;Bonerath;1;3
2350402100;Farschweiler;1;3
2350403700;Gusterath;1;3
2350403800;Gutweiler;1;3
2350404400;Herl;1;3
2350404600;Hinzenburg;1;3
2350405000;Holzerath;1;3
2350405600;Kasel;1;3
2350407000;Korlingen;1;3
2350408000;Lorscheid;1;3
2350408500;Mertesdorf;1;3
2350409000;Morscheid;1;3
2350410000;Ollmuth;1;3
2350410300;Osburg;1;3
2350410700;Pluwig;1;3
2350411600;Riveris;1;3
2350412400;Schöndorf;1;3
2350412900;Sommerau;1;3
2350413500;Thomm;1;3
2350414100;Waldrach;1;3
2350600000;Schweich a.d.R.Weinstr., VG;19;2
2350600400;Bekond;1;3
2350601500;Detzem;1;3
2350601900;Ensch;1;3
2350602200;Fell;1;3
2350602600;Föhren;1;3
2350606000;Kenn;1;3
2350606300;Klüsserath;1;3
2350606700;Köwerich;1;3
2350607400;Leiwen;1;3
2350607700;Longen;1;3
2350607800;Longuich;1;3
2350608300;Mehring;1;3
2350609100;Naurath (Eifel);1;3
2350610800;Pölich;1;3
2350611500;Riol;1;3
2350612000;Schleich;1;3
2350612500;Schweich,St;1;3
2350613400;Thörnich;1;3
2350620700;Trittenheim;1;3
2350700000;Trier-Land, VG;11;2
2350700100;Aach;1;3
2350702700;Franzenheim;1;3
2350704800;Hockweiler;1;3
2350705100;Igel;1;3
2350706900;Kordel;1;3
2350707300;Langsur;1;3
2350709400;Newel;1;3
2350711100;Ralingen;1;3
2350713700;Trierweiler;1;3
2350715100;Zemmer;1;3
2350750100;Welschbillig;1;3
2350800000;Saarburg-Kell, VG;0;2
2350800200;Ayl;0;3
2350800300;Baldringen;0;3
2350802500;Fisch;0;3
2350802800;Freudenburg;0;3
2350803300;Greimerath (VG Kell am See);0;3
2350804000;Heddert;0;3
2350804300;Hentern;0;3
2350805200;Irsch;0;3
2350805700;Kastel-Staadt;0;3
2350805800;Kell am See;0;3
2350806200;Kirf;0;3
2350807200;Lampaden;0;3
2350808100;Mandern;0;3
2350808200;Mannebach (VG Saarburg);0;3
2350809800;Ockfen;0;3
2350810400;Palzem;0;3
2350810500;Paschel;0;3
2350811800;Saarburg,St;0;3
2350811900;Schillingen;0;3
2350812200;Schoden;0;3
2350812300;Schömerich;0;3
2350812600;Serrig;0;3
2350813100;Taben-Rodt;0;3
2350813600;Trassem;0;3
2350814000;Vierherrenborn;0;3
2350814200;Waldweiler;0;3
2350814900;Wincheringen;0;3
2350815200;Zerf;0;3
2350815400;Merzkirchen;0;3
3310000000;Alzey-Worms, Landkreis;68;1
3310100000;Alzey-Land, VG;24;2
3310100100;Albig;1;3
3310100500;Bechenheim;1;3
3310100700;Bechtolsheim;1;3
3310100800;Bermersheim v.d.Höhe;1;3
3310101000;Biebelnheim;1;3
3310101200;Bornheim (VG Alzey-Land);1;3
3310101400;Dintesheim;1;3
3310102000;Eppelsheim;1;3
3310102100;Erbes-Büdesheim;1;3
3310102200;Esselborn;1;3
3310102400;Flomborn;1;3
3310102500;Flonheim;1;3
3310102600;Framersheim;1;3
3310102700;Freimersheim;1;3
3310103100;Gau-Heppenheim;1;3
3310103200;Gau-Odernheim;1;3
3310104200;Kettenheim;1;3
3310104300;Lonsheim;1;3
3310104400;Mauchenheim;1;3
3310105000;Nack;1;3
3310105100;Nieder-Wiesen;1;3
3310105200;Ober-Flörsheim;1;3
3310105300;Offenheim;1;3
3310106700;Wahlheim;1;3
3310200000;Eich, VG;5;2
3310200200;Alsheim;1;3
3310201800;Eich;1;3
3310203400;Gimbsheim;1;3
3310203800;Hamm am Rhein (VG Eich);1;3
3310204500;Mettenheim;1;3
3310300000;Monsheim, VG;7;2
3310302300;Flörsheim-Dalsheim;1;3
3310304100;Hohen-Sülzen;1;3
3310304600;Mölsheim;1;3
3310304700;Mörstadt;1;3
3310304800;Monsheim;1;3
3310305400;Offstein;1;3
3310306600;Wachenheim;1;3
3310500000;Wöllstein, VG;8;2
3310501700;Eckelsheim;1;3
3310503000;Gau-Bickelheim;1;3
3310503500;Gumbsheim;1;3
3310506000;Siefersheim;1;3
3310506200;Stein-Bockenheim;1;3
3310507000;Wendelsheim;1;3
3310507200;Wöllstein;1;3
3310507500;Wonsheim;1;3
3310600000;Wörrstadt, VG;13;2
3310600400;Armsheim;1;3
3310601900;Ensheim;1;3
3310602900;Gabsheim;1;3
3310603300;Gau-Weinheim;1;3
3310605600;Partenheim;1;3
3310605800;Saulheim;1;3
3310605900;Schornsheim;1;3
3310606100;Spiesheim;1;3
3310606300;Sulzheim;1;3
3310606400;Udenheim;1;3
3310606500;Vendersheim;1;3
3310606800;Wallertheim;1;3
3310607300;Wörrstadt;1;3
3310700000;Wonnegau, VG;11;2
3310700600;Bechtheim;1;3
3310700900;Bermersheim;1;3
3310701100;Hochborn;1;3
3310701500;Dittelsheim-Heßloch;1;3
3310702800;Frettenheim;1;3
3310703600;Gundersheim;1;3
3310703700;Gundheim;1;3
3310703900;Hangen-Weisheim;1;3
3310704900;Monzernheim;1;3
3310705500;Osthofen, Stadt;1;3
3310707100;Westhofen;1;3
3320000000;Bad Dürkheim, Landkreis;24;1
3320100000;Deidesheim, VG;5;2
3320100900;Deidesheim,St;1;3
3320101700;Forst a.d.Weinstrasse;1;3
3320103500;Meckenheim;1;3
3320103900;Niederkirchen b.Deid.;1;3
3320104300;Ruppertsberg;1;3
3320200000;Freinsheim, VG;8;2
3320200500;Bobenheim am Berg;1;3
3320200800;Dackenheim;1;3
3320201500;Erpolzheim;1;3
3320201900;Freinsheim,St;1;3
3320202600;Herxheim am Berg;1;3
3320202800;Kallstadt;1;3
3320204900;Weisenheim am Berg;1;3
3320205000;Weisenheim am Sand;1;3
3320500000;Lambrecht (Pfalz), VG;7;2
3320501400;Elmstein;1;3
3320501600;Esthal;1;3
3320501800;Frankeneck;1;3
3320503200;Lambrecht (Pfalz),St;1;3
3320503400;Lindenberg;1;3
3320503700;Neidenfels;1;3
3320504800;Weidenthal;1;3
3320600000;Wachenheim a.d.W., VG;4;2
3320601300;Ellerstadt;1;3
3320602000;Friedelsheim;1;3
3320602200;Gönnheim;1;3
3320604600;Wachenheim a.d.W.,St;1;3
3320700000;Leiningerland, VG;0;2
3320700100;Altleiningen;0;3
3320700300;Battenberg (Pfalz);0;3
3320700400;Bissersheim;0;3
3320700600;Bockenheim a.d.Weinstr.;0;3
3320700700;Carlsberg;0;3
3320701000;Dirmstein;0;3
3320701200;Ebertsheim;0;3
3320702100;Gerolsheim;0;3
3320702300;Großkarlbach;0;3
3320702700;Hettenleidelheim;0;3
3320702900;Kindenheim;0;3
3320703000;Kirchheim a.d.Weinstr.;0;3
3320703100;Kleinkarlbach;0;3
3320703300;Laumersheim;0;3
3320703600;Mertesheim;0;3
3320703800;Neuleiningen;0;3
3320704000;Obersülzen;0;3
3320704100;Obrigheim (Pfalz);0;3
3320704200;Quirnheim;0;3
3320704400;Tiefenthal (VG Hettenleidelheim);0;3
3320704700;Wattenheim;0;3
3330000000;Donnersbergkreis;81;1
3330200000;Eisenberg (Pfalz), VG;3;2
3330201900;Eisenberg (Pfalz),St;1;3
3330203800;Kerzenheim;1;3
3330206000;Ramsen;1;3
3330300000;Göllheim, VG;13;2
3330300100;Albisheim (Pfrimm);1;3
3330300600;Biedesheim;1;3
3330301200;Bubenheim (VG Göllheim);1;3
3330301700;Dreisen;1;3
3330301800;Einselthum;1;3
3330302600;Göllheim;1;3
3330303200;Immesheim;1;3
3330304100;Lautersheim;1;3
3330305800;Ottersheim;1;3
3330306400;Rüssingen;1;3
3330307400;Standenbühl;1;3
3330308100;Weitersweiler;1;3
3330350100;Zellertal;1;3
3330400000;Kirchheimbolanden, VG;16;2
3330400500;Bennhausen;1;3
3330400700;Bischheim;1;3
3330401000;Bolanden;1;3
3330401300;Dannenfels;1;3
3330402200;Gauersheim;1;3
3330403100;Ilbesheim;1;3
3330403500;Jakobsweiler;1;3
3330403900;Kirchheimbolanden,St;1;3
3330404000;Kriegsfeld;1;3
3330404500;Marnheim;1;3
3330404600;Mörsfeld;1;3
3330404700;Morschheim;1;3
3330405600;Oberwiesen;1;3
3330405700;Orbis;1;3
3330406200;Rittersheim;1;3
3330407600;Stetten;1;3
3330600000;Winnweiler, VG;13;2
3330600900;Börrstadt;1;3
3330601100;Breunigweiler;1;3
3330602000;Falkenstein;1;3
3330602700;Gonbach;1;3
3330603000;Höringen;1;3
3330603300;Imsbach;1;3
3330604200;Lohnsfeld;1;3
3330604800;Münchweiler a.d.Alsenz;1;3
3330606900;Schweisweiler;1;3
3330607100;Sippersfeld;1;3
3330607500;Steinbach a.Donnersberg;1;3
3330608000;Wartenberg-Rohrbach;1;3
3330650300;Winnweiler;1;3
3330700000;Nordpfälzer Land, VG;36;2
3330700300;Alsenz;1;3
3330700400;Bayerfeld-Steckweiler;1;3
3330700800;Bisterschied;1;3
3330701400;Dielkirchen;1;3
3330701600;Dörrmoschel;1;3
3330702100;Finkenbach-Gersweiler;1;3
3330702300;Gaugrehweiler;1;3
3330702400;Gehrweiler;1;3
3330702500;Gerbach;1;3
3330702800;Gundersweiler;1;3
3330703400;Imsweiler;1;3
3330703600;Kalkofen;1;3
3330703700;Katzenbach;1;3
3330704300;Mannweiler-Cölln;1;3
3330704900;Münsterappel;1;3
3330705000;Niederhausen a.d.Appel;1;3
3330705100;Niedermoschel;1;3
3330705300;Oberhausen an der Appel;1;3
3330705400;Obermoschel,St;1;3
3330705500;Oberndorf;1;3
3330706100;Ransweiler;1;3
3330706500;Ruppertsecken;1;3
3330706600;Sankt Alban;1;3
3330706700;Schiersfeld;1;3
3330706800;Schönborn (VG Rockenhausen);1;3
3330707200;Sitters;1;3
3330707300;Stahlberg;1;3
3330707700;Teschenmoschel;1;3
3330707800;Unkenbach;1;3
3330707900;Waldgrehweiler;1;3
3330708300;Winterborn;1;3
3330708400;Würzweiler;1;3
3330720100;Rathskirchen;1;3
3330720200;Reichsthal;1;3
3330720300;Seelen;1;3
3330750200;Rockenhausen,St;1;3
3340000000;Germersheim, Landkreis;29;1
3340100000;Bellheim, VG;4;2
3340100100;Bellheim;1;3
3340101400;Knittelsheim;1;3
3340102300;Ottersheim bei Landau;1;3
3340103600;Zeiskam;1;3
3340200000;Hagenbach, VG;4;2
3340200200;Berg (Pfalz);1;3
3340200800;Hagenbach;1;3
3340202100;Neuburg am Rhein;1;3
3340202700;Scheibenhardt;1;3
3340300000;Jockgrim, VG;4;2
3340300900;Hatzenbühl;1;3
3340301200;Jockgrim;1;3
3340302200;Neupotz;1;3
3340302400;Rheinzabern;1;3
3340400000;Kandel, VG;7;2
3340400400;Erlenbach bei Kandel;1;3
3340400500;Freckenfeld;1;3
3340401300;Kandel,St;1;3
3340402000;Minfeld;1;3
3340403000;Steinweiler;1;3
3340403100;Vollmersweiler;1;3
3340403400;Winden (VG Kandel);1;3
3340500000;Lingenfeld, VG;6;2
3340500600;Freisbach;1;3
3340501700;Lingenfeld;1;3
3340501800;Lustadt;1;3
3340502800;Schwegenheim;1;3
3340503200;Weingarten (Pfalz);1;3
3340503300;Westheim (Pfalz);1;3
3340600000;Rülzheim, VG;4;2
3340601100;Hördt;1;3
3340601500;Kuhardt;1;3
3340601600;Leimersheim;1;3
3340602500;Rülzheim;1;3
3350000000;Kaiserslautern, Landkreis;50;1
3350100000;Bruchmühlbach-Miesau, VG;5;2
3350100300;Bruchmühlbach-Miesau;1;3
3350101100;Gerhardsbrunn;1;3
3350120100;Lambsborn;1;3
3350120200;Langwieden;1;3
3350120300;Martinshöhe;1;3
3350200000;Enkenbach-Alsenborn, VG;8;2
3350200400;Enkenbach-Alsenborn;1;3
3350200700;Fischbach (VG Hochspeyer);1;3
3350201000;Frankenstein;1;3
3350201500;Hochspeyer;1;3
3350202600;Mehlingen;1;3
3350202800;Neuhemsbach;1;3
3350204800;Waldleiningen;1;3
3350220500;Sembach;1;3
3350800000;Ramstein-Miesenbach, VG;5;2
3350801600;Hütschenhausen;1;3
3350802000;Kottweiler-Schwanden;1;3
3350803000;Niedermohr;1;3
3350803800;Ramstein-Miesenbach,St;1;3
3350804400;Steinwenden;1;3
3350900000;Weilerbach, VG;8;2
3350900500;Erzenhausen;1;3
3350900600;Eulenbis;1;3
3350901900;Kollweiler;1;3
3350902400;Mackenbach;1;3
3350904000;Rodenbach;1;3
3350904300;Schwedelbach;1;3
3350904900;Weilerbach;1;3
3350950100;Reichenbach-Steegen;1;3
3351000000;Otterbach-Otterberg, VG;12;2
3351000900;Frankelbach;1;3
3351001300;Heiligenmoschel;1;3
3351001400;Hirschhorn/Pfalz;1;3
3351001700;Katzweiler;1;3
3351002500;Mehlbach;1;3
3351002900;Niederkirchen;1;3
3351003300;Olsbrücken;1;3
3351003400;Otterbach;1;3
3351003500;Otterberg,St;1;3
3351004100;Schallodenbach;1;3
3351004200;Schneckenhausen;1;3
3351004600;Sulzbachtal;1;3
3351100000;Landstuhl, VG;12;2
3351100200;Bann;1;3
3351101200;Hauptstuhl;1;3
3351101800;Kindsbach;1;3
3351102100;Krickenbach;1;3
3351102200;Landstuhl,St;1;3
3351102300;Linden (VG Kaiserslautern-Süd);1;3
3351102700;Mittelbrunn;1;3
3351103100;Oberarnbach;1;3
3351103700;Queidersbach;1;3
3351104500;Stelzenberg;1;3
3351104700;Trippstadt;1;3
3351120400;Schopp;1;3
3360000000;Kusel, Landkreis;64;1
3360800000;Lauterecken-Wolfstein, VG;41;2
3360800100;Adenbach;1;3
3360800500;Aschbach;1;3
3360801200;Buborn;1;3
3360801300;Cronenberg;1;3
3360801400;Deimberg;1;3
3360801900;Einöllen;1;3
3360802300;Eßweiler;1;3
3360802900;Ginsweiler;1;3
3360803000;Glanbrücken;1;3
3360803300;Grumbach;1;3
3360803500;Hausweiler;1;3
3360803600;Hefersweiler;1;3
3360803800;Heinzenhausen;1;3
3360804000;Herren-Sulzbach;1;3
3360804200;Hinzweiler;1;3
3360804300;Hohenöllen;1;3
3360804400;Homberg (VG Lauterecken);1;3
3360804500;Hoppstädten;1;3
3360804800;Jettenbach;1;3
3360804900;Kappeln;1;3
3360805000;Kirrweiler;1;3
3360805300;Kreimbach-Kaulbach;1;3
3360805700;Langweiler (VG Lauterecken);1;3
3360805800;Lauterecken,St;1;3
3360806000;Lohnweiler;1;3
3360806100;Medard;1;3
3360806200;Merzweiler;1;3
3360806500;Nerzweiler;1;3
3360806900;Nußbach;1;3
3360807200;Oberweiler im Tal;1;3
3360807300;Oberweiler-Tiefenbach;1;3
3360807400;Odenbach;1;3
3360807500;Offenbach-Hundheim;1;3
3360808500;Reipoltskirchen;1;3
3360808600;Relsberg;1;3
3360808700;Rothselberg;1;3
3360809000;Rutsweiler a.d.Lauter;1;3
3360809500;Sankt Julian;1;3
3360810000;Unterjeckenbach;1;3
3360810400;Wiesweiler;1;3
3360810500;Wolfstein,St;1;3
3360900000;Oberes Glantal, VG;23;2
3360900400;Altenkirchen;1;3
3360900800;Börsborn;1;3
3360901000;Breitenbach;1;3
3360901100;Brücken (Pfalz);1;3
3360901600;Dittweiler;1;3
3360901700;Dunzweiler;1;3
3360902700;Frohnhofen;1;3
3360903100;Glan-Münchweiler;1;3
3360903200;Gries;1;3
3360903700;Henschtal;1;3
3360904100;Herschweiler-Pettersh.;1;3
3360904700;Hüffler;1;3
3360905400;Krottelbach;1;3
3360905600;Langenbach;1;3
3360906400;Nanzdietschweiler;1;3
3360907600;Ohmbach;1;3
3360908200;Rehweiler;1;3
3360909200;Schönenberg-Kübelberg;1;3
3360909600;Steinbach am Glan;1;3
3360910100;Wahnwegen;1;3
3360910200;Waldmohr;1;3
3360910700;Matzenbach;1;3
3360950100;Quirnbach/Pfalz;1;3
3361000000;Kusel-Altenglan, VG;0;2
3361000200;Albessen;0;3
3361000300;Altenglan;0;3
3361000600;Blaubach;0;3
3361000900;Bosenbach;0;3
3361001500;Dennweiler-Frohnbach;0;3
3361001800;Ehweiler;0;3
3361002100;Elzweiler;0;3
3361002200;Erdesbach;0;3
3361002400;Etschberg;0;3
3361002500;Föckelberg;0;3
3361003400;Haschbach am Remigiusb.;0;3
3361003900;Herchweiler;0;3
3361004600;Horschbach;0;3
3361005100;Körborn;0;3
3361005200;Konken;0;3
3361005500;Kusel,St;0;3
3361006600;Neunkirchen am Potzberg;0;3
3361006700;Niederalben;0;3
3361006800;Niederstaufenbach;0;3
3361007000;Oberalben;0;3
3361007100;Oberstaufenbach;0;3
3361007700;Pfeffelbach;0;3
3361007900;Rammelsbach;0;3
3361008100;Rathsweiler;0;3
3361008400;Reichweiler;0;3
3361008800;Ruthweiler;0;3
3361008900;Rutsweiler am Glan;0;3
3361009100;Schellweiler;0;3
3361009400;Selchenbach;0;3
3361009700;Thallichtenberg;0;3
3361009800;Theisbergstegen;0;3
3361009900;Ulmet;0;3
3361010300;Welchweiler;0;3
3361010600;Bedesbach;0;3
3370000000;Südliche Weinstraße, Landkreis;75;1
3370100000;Annweiler am Trifels, VG;13;2
3370100100;Albersweiler;1;3
3370101700;Dernbach (VG Annweiler am Trifels);1;3
3370102400;Eußerthal;1;3
3370103300;Gossersweiler-Stein;1;3
3370105400;Münchweiler am Klingb.;1;3
3370106400;Ramberg;1;3
3370106700;Rinnthal;1;3
3370107400;Silz;1;3
3370107800;Völkersweiler;1;3
3370108000;Waldhambach;1;3
3370108100;Waldrohrbach;1;3
3370108300;Wernersberg;1;3
3370150100;Annweiler am Trifels,St;1;3
3370200000;Bad Bergzabern, VG;21;2
3370200500;Bad Bergzabern,St;1;3
3370200600;Barbelroth;1;3
3370200800;Birkenhördt;1;3
3370201300;Böllenborn;1;3
3370201800;Dierbach;1;3
3370201900;Dörrenbach;1;3
3370202900;Gleiszellen-Gleishorb.;1;3
3370203700;Hergersweiler;1;3
3370204500;Kapellen-Drusweiler;1;3
3370204600;Kapsweyer;1;3
3370204900;Klingenmünster;1;3
3370205500;Niederhorbach;1;3
3370205600;Niederotterbach;1;3
3370205800;Oberhausen;1;3
3370205900;Oberotterbach;1;3
3370206000;Oberschlettenbach;1;3
3370206200;Pleisweiler-Oberhofen;1;3
3370207100;Schweigen-Rechtenbach;1;3
3370207200;Schweighofen;1;3
3370207600;Steinfeld;1;3
3370207900;Vorderweidenthal;1;3
3370300000;Edenkoben, VG;16;2
3370300200;Altdorf;1;3
3370301100;Böbingen;1;3
3370301500;Burrweiler;1;3
3370302000;Edenkoben,St;1;3
3370302100;Edesheim;1;3
3370302500;Flemlingen;1;3
3370302700;Freimersheim (Pfalz);1;3
3370302800;Gleisweiler;1;3
3370303200;Gommersheim;1;3
3370303500;Großfischlingen;1;3
3370303600;Hainfeld;1;3
3370304800;Kleinfischlingen;1;3
3370306600;Rhodt unter Rietburg;1;3
3370306900;Roschbach;1;3
3370307700;Venningen;1;3
3370308400;Weyher in der Pfalz;1;3
3370400000;Herxheim, VG;4;2
3370403800;Herxheim bei Landau/Pf.;1;3
3370403900;Herxheimweyher;1;3
3370404400;Insheim;1;3
3370406800;Rohrbach (VG Herxheim);1;3
3370500000;Landau-Land, VG;14;2
3370500700;Billigheim-Ingenheim;1;3
3370500900;Birkweiler;1;3
3370501200;Böchingen;1;3
3370502200;Eschbach (VG Landau-Land);1;3
3370502600;Frankweiler;1;3
3370503100;Göcklingen;1;3
3370504000;Heuchelheim-Klingen;1;3
3370504200;Ilbesheim b.Landau/Pf.;1;3
3370504300;Impflingen;1;3
3370505000;Knöringen;1;3
3370505100;Leinsweiler;1;3
3370506500;Ranschbach;1;3
3370507300;Siebeldingen;1;3
3370508200;Walsheim;1;3
3370600000;Maikammer, VG;3;2
3370604700;Kirrweiler (Pfalz);1;3
3370605200;Maikammer;1;3
3370607000;Sankt Martin;1;3
3370700000;Offenbach a.d.Queich, VG;4;2
3370701400;Bornheim (VG Offenbach a.d.Queich);1;3
3370702300;Essingen;1;3
3370704100;Hochstadt (Pfalz);1;3
3370706100;Offenbach an der Queich;1;3
3380000000;Rhein-Pfalz-Kreis;20;1
3380100000;Dannstadt-Schauernheim, VG;3;2
3380100600;Dannstadt-Schauernheim;1;3
3380101400;Hochdorf-Assenheim;1;3
3380102200;Rödersheim-Gronau;1;3
3380400000;Maxdorf, VG;3;2
3380400300;Birkenheide;1;3
3380400800;Fußgönheim;1;3
3380401800;Maxdorf;1;3
3380600000;Lambsheim-Heßheim, VG;6;2
3380600200;Beindersheim;1;3
3380600900;Großniedesheim;1;3
3380601200;Heßheim;1;3
3380601300;Heuchelheim b.Frankent.;1;3
3380601500;Kleinniedesheim;1;3
3380601600;Lambsheim;1;3
3380700000;Römerberg-Dudenhofen, VG;4;2
3380700700;Dudenhofen;1;3
3380701000;Hanhofen;1;3
3380701100;Harthausen;1;3
3380702300;Römerberg;1;3
3380800000;Rheinauen, VG;4;2
3380800100;Altrip;1;3
3380802000;Neuhofen;1;3
3380802100;Otterstadt;1;3
3380802600;Waldsee;1;3
3390000000;Mainz-Bingen, Landkreis;61;1
3390100000;Rhein-Nahe, VG;10;2
3390100300;Bacharach,St;1;3
3390100700;Breitscheid (VG Rhein-Nahe);1;3
3390103600;Manubach;1;3
3390103800;Münster-Sarmsheim;1;3
3390104000;Niederheimbach;1;3
3390104400;Oberdiebach;1;3
3390104500;Oberheimbach;1;3
3390105800;Trechtingshausen;1;3
3390106200;Waldalgesheim;1;3
3390106300;Weiler bei Bingen;1;3
3390200000;Bodenheim, VG;5;2
3390200600;Bodenheim;1;3
3390202000;Gau-Bischofsheim;1;3
3390202600;Harxheim;1;3
3390203400;Lörzweiler;1;3
3390203900;Nackenheim;1;3
3390300000;Gau-Algesheim, VG;8;2
3390300100;Appenheim;1;3
3390300800;Bubenheim (VG Gau-Algesheim);1;3
3390301600;Engelstadt;1;3
3390301900;Gau-Algesheim,St;1;3
3390304100;Nieder-Hilbersheim;1;3
3390304600;Ober-Hilbersheim;1;3
3390304800;Ockenheim;1;3
3390305100;Schwabenheim a.d.Selz;1;3
3390600000;Nieder-Olm, VG;8;2
3390601700;Essenheim;1;3
3390603100;Jugenheim i.Rheinhessen;1;3
3390603200;Klein-Winternheim;1;3
3390604200;Nieder-Olm;1;3
3390604700;Ober-Olm;1;3
3390605400;Sörgenloch;1;3
3390605700;Stadecken-Elsheim;1;3
3390606700;Zornheim;1;3
3390700000;Rhein-Selz, VG;20;2
3390701000;Dalheim;1;3
3390701100;Dexheim;1;3
3390701200;Dienheim;1;3
3390701300;Dolgesheim;1;3
3390701500;Eimsheim;1;3
3390701800;Friesenheim;1;3
3390702400;Guntersblum;1;3
3390702500;Hahnheim;1;3
3390702800;Hillesheim (VG Guntersblum);1;3
3390703300;Köngernheim;1;3
3390703500;Ludwigshöhe;1;3
3390703700;Mommenheim;1;3
3390704300;Nierstein, St;1;3
3390704900;Oppenheim,St;1;3
3390705300;Selzen;1;3
3390705900;Uelversheim;1;3
3390706000;Undenheim;1;3
3390706400;Weinolsheim;1;3
3390706600;Wintersheim;1;3
3390720100;Dorn-Dürkheim;1;3
3390800000;Sprendlingen-Gensingen, VG;10;2
3390800200;Aspisheim;1;3
3390800400;Badenheim;1;3
3390802100;Gensingen;1;3
3390802200;Grolsheim;1;3
3390802900;Horrweiler;1;3
3390805000;Sankt Johann (VG Sprendlingen-Gensingen);1;3
3390805600;Sprendlingen;1;3
3390806500;Welgesheim;1;3
3390806800;Zotzenheim;1;3
3390820200;Wolfsheim;1;3
3400000000;Südwestpfalz, Landkreis;84;1
3400100000;Dahner Felsenland, VG;15;2
3400100100;Bobenthal;1;3
3400100200;Busenberg;1;3
3400100400;Dahn,St;1;3
3400100900;Erfweiler;1;3
3400101000;Erlenbach bei Dahn;1;3
3400101100;Fischbach bei Dahn;1;3
3400102100;Hirschthal;1;3
3400102900;Ludwigswinkel;1;3
3400103300;Niederschlettenbach;1;3
3400103400;Nothweiler;1;3
3400103900;Rumbach;1;3
3400104300;Schindhard;1;3
3400104500;Schönau (Pfalz);1;3
3400150100;Bruchweiler-Bärenbach;1;3
3400150200;Bundenthal;1;3
3400200000;Hauenstein, VG;8;2
3400200500;Darstein;1;3
3400200600;Dimbach;1;3
3400201400;Hauenstein;1;3
3400202000;Hinterweidenthal;1;3
3400203000;Lug;1;3
3400204700;Schwanheim;1;3
3400204900;Spirkelbach;1;3
3400205700;Wilgartswiesen;1;3
3400300000;Pirmasens-Land, VG;10;2
3400300800;Eppenbrunn;1;3
3400301900;Hilst;1;3
3400302600;Kröppen;1;3
3400302800;Lemberg;1;3
3400303600;Obersimten;1;3
3400304000;Ruppertsweiler;1;3
3400304800;Schweix;1;3
3400305200;Trulben;1;3
3400305300;Vinningen;1;3
3400320500;Bottenbach;1;3
3400400000;Rodalben, VG;6;2
3400400300;Clausen;1;3
3400400700;Donsieders;1;3
3400402700;Leimen;1;3
3400403100;Merzalben;1;3
3400403200;Münchweiler a.d.Rodalb;1;3
3400403800;Rodalben,St;1;3
3400600000;Waldfischbach-Burgalben, VG;8;2
3400601200;Geiselberg;1;3
3400601500;Heltersberg;1;3
3400601600;Hermersberg;1;3
3400602200;Höheinöd;1;3
3400602500;Horbach (VG Waldfischbach-Burgalben);1;3
3400604400;Schmalenberg;1;3
3400605000;Steinalben;1;3
3400605400;Waldfischbach-Burgalben;1;3
3400800000;Zweibrücken-Land, VG;17;2
3400820100;Althornbach;1;3
3400820200;Battweiler;1;3
3400820300;Bechhofen;1;3
3400820600;Contwig;1;3
3400820700;Dellfeld;1;3
3400820800;Dietrichingen;1;3
3400820900;Großbundenbach;1;3
3400821000;Großsteinhausen;1;3
3400821100;Hornbach,St;1;3
3400821200;Käshofen;1;3
3400821300;Kleinbundenbach;1;3
3400821400;Kleinsteinhausen;1;3
3400821800;Mauschbach;1;3
3400822100;Riedelberg;1;3
3400822300;Rosenkopf;1;3
3400822600;Walshausen;1;3
3400822700;Wiesbach;1;3
3400900000;Thaleischweiler-Fröschen-Wallhalben, VG;20;2
3400901700;Herschberg;1;3
3400901800;Hettenhausen;1;3
3400902300;Höheischweiler;1;3
3400902400;Höhfröschen;1;3
3400903500;Nünschweiler;1;3
3400903700;Petersberg;1;3
3400904100;Saalstadt;1;3
3400904200;Schauerberg;1;3
3400905100;Thaleischw.-Fröschen;1;3
3400905500;Weselberg;1;3
3400920400;Biedershausen;1;3
3400921500;Knopp-Labach;1;3
3400921600;Krähenberg;1;3
3400921700;Maßweiler;1;3
3400921900;Obernheim-Kirchenarnb.;1;3
3400922000;Reifenberg;1;3
3400922200;Rieschweiler-Mühlbach;1;3
3400922400;Schmitshausen;1;3
3400922500;Wallhalben;1;3
3400922800;Winterbach (Pfalz);1;3
